tid,name,gender,age,password
teacher1,Alice,F,30,teacherpass1
teacher2,Bob,M,45,teacherpass2
teacher3,Charlie,M,38,teacherpass3
teacher4,Diana,F,29,teacherpass4
teacher5,Ethan,M,50,teacherpass5
teacher6,Fiona,F,33,teacherpass6
teacher7,George,M,41,teacherpass7
teacher8,Hannah,F,36,teacherpass8
teacher9,Ian,M,28,teacherpass9
teacher10,Jane,F,42,teacherpass10
teacher11,Kevin,M,39,teacherpass11
teacher12,Linda,F,31,teacherpass12
teacher13,Michael,M,44,teacherpass13
teacher14,Nina,F,27,teacherpass14
teacher15,Oscar,M,35,teacherpass15
teacher16,Paula,F,40,teacherpass16
teacher17,Quinn,M,34,teacherpass17
teacher18,Rachel,F,37,teacherpass18
teacher19,Steve,M,43,teacherpass19
teacher20,Tina,F,32,teacherpass20
